{"cameraMode":{"drawMode":0,"name":"Shaded","section":"Shading Mode"},"sceneLighting":false,"audioPlay":false,"sceneViewState":{"m_AlwaysRefresh":false,"showFog":true,"showSkybox":false,"showFlares":true,"showImageEffects":true,"showParticleSystems":true,"showVisualEffectGraphs":true,"m_FxEnabled":true},"in2DMode":false,"pivot":{"x":-0.3733114004135132,"y":1.4046825170516968,"z":0.09071753174066544},"rotation":{"x":-0.001697147381491959,"y":0.9982984662055969,"z":-0.03896285966038704,"w":-0.04345167055726051},"size":5.805869102478027,"orthographic":false}