{"cameraMode":{"drawMode":0,"name":"Shaded","section":"Shading Mode"},"sceneLighting":true,"audioPlay":false,"sceneViewState":{"m_AlwaysRefresh":false,"showFog":true,"showSkybox":true,"showFlares":true,"showImageEffects":true,"showParticleSystems":true,"showVisualEffectGraphs":true,"m_FxEnabled":true},"in2DMode":false,"pivot":{"x":-40.12604522705078,"y":31.101211547851564,"z":-8.160966873168946},"rotation":{"x":0.038901373744010928,"y":-0.7891303300857544,"z":0.6109328866004944,"w":0.050255317240953448},"size":125.35647583007813,"orthographic":false}